{
    "dataset_revision": null,
    "mteb_dataset_name": "CQADupstackTexRetrieval",
    "mteb_version": "1.0.1",
    "test": {
        "evaluation_time": 9771.900000000001,
        "map_at_1": 0.26022,
        "map_at_10": 0.3585691666666667,
        "map_at_100": 0.37117833333333333,
        "map_at_1000": 0.3723316666666666,
        "map_at_3": 0.32779749999999996,
        "map_at_5": 0.34436999999999995,
        "mrr_at_1": 0.3066641666666667,
        "mrr_at_10": 0.40031749999999994,
        "mrr_at_100": 0.4087925,
        "mrr_at_1000": 0.4093366666666666,
        "mrr_at_3": 0.3737825,
        "mrr_at_5": 0.3884383333333334,
        "ndcg_at_1": 0.3066641666666667,
        "ndcg_at_10": 0.4169208333333333,
        "ndcg_at_100": 0.46982166666666664,
        "ndcg_at_1000": 0.49144333333333334,
        "ndcg_at_3": 0.3634325,
        "ndcg_at_5": 0.3874225,
        "precision_at_1": 0.3066641666666667,
        "precision_at_10": 0.07426916666666666,
        "precision_at_100": 0.011895000000000001,
        "precision_at_1000": 0.001566666666666667,
        "precision_at_3": 0.168435,
        "precision_at_5": 0.1201275,
        "recall_at_1": 0.26022,
        "recall_at_10": 0.5485641666666667,
        "recall_at_100": 0.7786891666666667,
        "recall_at_1000": 0.9267533333333333,
        "recall_at_3": 0.3999933333333333,
        "recall_at_5": 0.46132999999999996
    }
}