{
  "dataset_revision": "7d571f92784cd94a019292a1f45445077d0ef634",
  "mteb_dataset_name": "MassiveScenarioClassification",
  "mteb_version": "1.0.1",
  "test": {
    "en": {
      "accuracy": 0.753261600537996,
      "accuracy_stderr": 0.012264324277117346,
      "f1": 0.7466678632951032,
      "f1_stderr": 0.01143026967111036,
      "main_score": 0.753261600537996
    },
    "evaluation_time": 65.95
  }
}