{
  "dataset_revision": "ae001d0e6b1228650b7bd1c2c65fb50ad11a8aba",
  "mteb_dataset_name": "MTOPIntentClassification",
  "mteb_version": "1.0.1",
  "test": {
    "en": {
      "accuracy": 0.6468308253533971,
      "accuracy_stderr": 0.019441173314085076,
      "f1": 0.46546106161648765,
      "f1_stderr": 0.009254421795011528,
      "main_score": 0.6468308253533971
    },
    "evaluation_time": 186.91
  }
}