{
  "dataset_revision": null,
  "mteb_version": "0.0.2",
  "test": {
    "evaluation_time": 601.0,
    "v_measure": 0.4148807269519811,
    "v_measure_std": 0.1360667525047721
  }
}
