{
  "dataset_revision": null,
  "mteb_version": "0.0.2",
  "test": {
    "evaluation_time": 243.53,
    "v_measure": 0.31092206668709393,
    "v_measure_std": 0.015922041258880918
  }
}
