{
  "dataset_revision": null,
  "mteb_version": "0.0.2",
  "test": {
    "evaluation_time": 492.92,
    "v_measure": 0.3042846469508281,
    "v_measure_std": 0.017382825821484277
  }
}
