{
  "dataset_revision": null,
  "mteb_dataset_name": "AbusiveClauses",
  "mteb_version": "1.1.1.dev0",
  "test": {
    "accuracy": 0.6325803649000867,
    "accuracy_stderr": 0.041926918887217376,
    "ap": 0.7511014891097855,
    "ap_stderr": 0.02865294982802284,
    "evaluation_time": 203.89,
    "f1": 0.6100151445214055,
    "f1_stderr": 0.049108642926824105,
    "main_score": 0.6325803649000867
  }
}