{
  "dataset_revision": null,
  "mteb_dataset_name": "AllegroReviews",
  "mteb_version": "1.1.1.dev0",
  "test": {
    "accuracy": 0.345427435387674,
    "accuracy_stderr": 0.049977861498877174,
    "evaluation_time": 270.08,
    "f1": 0.31160015534253527,
    "f1_stderr": 0.03038007695933105,
    "main_score": 0.345427435387674
  }
}