{
  "dataset_revision": null,
  "mteb_dataset_name": "CBD",
  "mteb_version": "1.1.1.dev0",
  "test": {
    "accuracy": 0.6747000000000001,
    "accuracy_stderr": 0.0585184586263172,
    "ap": 0.22178563317316252,
    "ap_stderr": 0.04040840886486522,
    "evaluation_time": 50.74,
    "f1": 0.5730951242947903,
    "f1_stderr": 0.050731694710913586,
    "main_score": 0.6747000000000001
  }
}