{
  "dataset_revision": null,
  "mteb_dataset_name": "CDSC-E",
  "mteb_version": "1.1.1.dev0",
  "test": {
    "cos_sim": {
      "accuracy": 0.891,
      "accuracy_threshold": 0.9704444408416748,
      "ap": 0.7506070226386462,
      "f1": 0.659400544959128,
      "f1_threshold": 0.9358954429626465,
      "precision": 0.6836158192090396,
      "recall": 0.6368421052631579
    },
    "dot": {
      "accuracy": 0.854,
      "accuracy_threshold": 7.994111061096191,
      "ap": 0.6210500689099692,
      "f1": 0.5839793281653748,
      "f1_threshold": 7.426514625549316,
      "precision": 0.5736040609137056,
      "recall": 0.5947368421052631
    },
    "euclidean": {
      "accuracy": 0.888,
      "accuracy_threshold": 0.5650506019592285,
      "ap": 0.7495684182804445,
      "f1": 0.6611570247933884,
      "f1_threshold": 0.9968463778495789,
      "precision": 0.6936416184971098,
      "recall": 0.631578947368421
    },
    "evaluation_time": 18.89,
    "manhattan": {
      "accuracy": 0.888,
      "accuracy_threshold": 13.988938331604004,
      "ap": 0.7478752563714723,
      "f1": 0.6559139784946236,
      "f1_threshold": 21.827472686767578,
      "precision": 0.6703296703296703,
      "recall": 0.6421052631578947
    },
    "max": {
      "accuracy": 0.891,
      "ap": 0.7506070226386462,
      "f1": 0.6611570247933884
    }
  }
}