{
  "dataset_revision": "7d571f92784cd94a019292a1f45445077d0ef634",
  "mteb_dataset_name": "MassiveScenarioClassification",
  "mteb_version": "1.1.1.dev0",
  "test": {
    "evaluation_time": 66.05,
    "pl": {
      "accuracy": 0.7184599865501008,
      "accuracy_stderr": 0.020676923454097888,
      "f1": 0.7187598038762987,
      "f1_stderr": 0.01786147174914172,
      "main_score": 0.7184599865501008
    }
  },
  "validation": {
    "evaluation_time": 54.26,
    "pl": {
      "accuracy": 0.7163797343826855,
      "accuracy_stderr": 0.02032046217888481,
      "f1": 0.7152811921311109,
      "f1_stderr": 0.017177770304248826,
      "main_score": 0.7163797343826855
    }
  }
}