{
  "dataset_revision": null,
  "mteb_dataset_name": "PolEmo2.0-IN",
  "mteb_version": "1.1.1.dev0",
  "test": {
    "accuracy": 0.6836565096952908,
    "accuracy_stderr": 0.039067993499964766,
    "evaluation_time": 401.31,
    "f1": 0.6775804916382836,
    "f1_stderr": 0.029636222063198638,
    "main_score": 0.6836565096952908
  }
}