{
  "dataset_revision": null,
  "mteb_dataset_name": "PSC",
  "mteb_version": "1.1.1.dev0",
  "test": {
    "cos_sim": {
      "accuracy": 0.9749536178107606,
      "accuracy_threshold": 0.699235737323761,
      "ap": 0.9905364100100579,
      "f1": 0.9592760180995474,
      "f1_threshold": 0.6934337615966797,
      "precision": 0.9492537313432836,
      "recall": 0.9695121951219512
    },
    "dot": {
      "accuracy": 0.9406307977736549,
      "accuracy_threshold": 3.4522361755371094,
      "ap": 0.9542036869014181,
      "f1": 0.9085714285714286,
      "f1_threshold": 3.4378952980041504,
      "precision": 0.8548387096774194,
      "recall": 0.9695121951219512
    },
    "euclidean": {
      "accuracy": 0.9712430426716141,
      "accuracy_threshold": 1.9062166213989258,
      "ap": 0.9890597670032315,
      "f1": 0.9540740740740741,
      "f1_threshold": 1.9062166213989258,
      "precision": 0.9279538904899135,
      "recall": 0.9817073170731707
    },
    "evaluation_time": 121.73,
    "manhattan": {
      "accuracy": 0.9721706864564007,
      "accuracy_threshold": 40.68194580078125,
      "ap": 0.9893296532411809,
      "f1": 0.9554896142433235,
      "f1_threshold": 40.68194580078125,
      "precision": 0.930635838150289,
      "recall": 0.9817073170731707
    },
    "max": {
      "accuracy": 0.9749536178107606,
      "ap": 0.9905364100100579,
      "f1": 0.9592760180995474
    }
  }
}