{
  "dataset_revision": null,
  "mteb_dataset_name": "SICK-E-PL",
  "mteb_version": "1.1.1.dev0",
  "test": {
    "cos_sim": {
      "accuracy": 0.845902975947819,
      "accuracy_threshold": 0.9193767309188843,
      "ap": 0.8056492243426702,
      "f1": 0.7299864314789688,
      "f1_threshold": 0.8773745894432068,
      "precision": 0.6968911917098446,
      "recall": 0.7663817663817664
    },
    "dot": {
      "accuracy": 0.8033020790868325,
      "accuracy_threshold": 7.386266231536865,
      "ap": 0.7007575875278088,
      "f1": 0.6648130985480383,
      "f1_threshold": 6.489076137542725,
      "precision": 0.5870158210583742,
      "recall": 0.7663817663817664
    },
    "euclidean": {
      "accuracy": 0.8448838157358337,
      "accuracy_threshold": 1.2673280239105225,
      "ap": 0.8029914874800566,
      "f1": 0.7309476474486416,
      "f1_threshold": 1.4266419410705566,
      "precision": 0.6833952912019826,
      "recall": 0.7856125356125356
    },
    "evaluation_time": 68.01,
    "manhattan": {
      "accuracy": 0.8452914798206278,
      "accuracy_threshold": 25.66788673400879,
      "ap": 0.8031075628446307,
      "f1": 0.7314814814814814,
      "f1_threshold": 30.778270721435547,
      "precision": 0.682716049382716,
      "recall": 0.7877492877492878
    },
    "max": {
      "accuracy": 0.845902975947819,
      "ap": 0.8056492243426702,
      "f1": 0.7314814814814814
    }
  }
}