{
  "dataset_revision": null,
  "mteb_dataset_name": "AbusiveClauses",
  "mteb_version": "1.1.1.dev0",
  "test": {
    "accuracy": 0.6461627570228786,
    "accuracy_stderr": 0.04703192340643617,
    "ap": 0.7525956230518026,
    "ap_stderr": 0.02719372192727684,
    "evaluation_time": 202.16,
    "f1": 0.6206314459866696,
    "f1_stderr": 0.05182465207095916,
    "main_score": 0.6461627570228786
  }
}