{
  "dataset_revision": null,
  "mteb_dataset_name": "AllegroReviews",
  "mteb_version": "1.1.1.dev0",
  "test": {
    "accuracy": 0.3450298210735586,
    "accuracy_stderr": 0.04178368855061296,
    "evaluation_time": 239.68,
    "f1": 0.3118628854698987,
    "f1_stderr": 0.02978356589058331,
    "main_score": 0.3450298210735586
  }
}