{
  "dataset_revision": null,
  "mteb_dataset_name": "CDSC-E",
  "mteb_version": "1.1.1.dev0",
  "test": {
    "cos_sim": {
      "accuracy": 0.89,
      "accuracy_threshold": 0.9488884210586548,
      "ap": 0.7600097929689587,
      "f1": 0.6686746987951808,
      "f1_threshold": 0.9480955600738525,
      "precision": 0.7816901408450704,
      "recall": 0.5842105263157895
    },
    "dot": {
      "accuracy": 0.857,
      "accuracy_threshold": 166.82081604003906,
      "ap": 0.5871703435202477,
      "f1": 0.5686653771760155,
      "f1_threshold": 129.34066772460938,
      "precision": 0.44954128440366975,
      "recall": 0.7736842105263158
    },
    "euclidean": {
      "accuracy": 0.885,
      "accuracy_threshold": 2.933295726776123,
      "ap": 0.7515648731041904,
      "f1": 0.6631578947368421,
      "f1_threshold": 5.008637428283691,
      "precision": 0.6631578947368421,
      "recall": 0.6631578947368421
    },
    "evaluation_time": 18.61,
    "manhattan": {
      "accuracy": 0.887,
      "accuracy_threshold": 81.82913208007812,
      "ap": 0.7518401101929159,
      "f1": 0.663013698630137,
      "f1_threshold": 102.7909927368164,
      "precision": 0.6914285714285714,
      "recall": 0.6368421052631579
    },
    "max": {
      "accuracy": 0.89,
      "ap": 0.7600097929689587,
      "f1": 0.6686746987951808
    }
  }
}