{
  "dataset_revision": "31efe3c427b0bae9c22cbb560b8f15491cc6bed7",
  "mteb_dataset_name": "MassiveIntentClassification",
  "mteb_version": "1.1.1.dev0",
  "test": {
    "evaluation_time": 132.87,
    "pl": {
      "accuracy": 0.6480497646267654,
      "accuracy_stderr": 0.012043153010920776,
      "f1": 0.6303438023996079,
      "f1_stderr": 0.010787617435549525,
      "main_score": 0.6480497646267654
    }
  },
  "validation": {
    "evaluation_time": 117.44,
    "pl": {
      "accuracy": 0.6539596655189375,
      "accuracy_stderr": 0.014145832273062134,
      "f1": 0.6311905309567906,
      "f1_stderr": 0.011607856216746485,
      "main_score": 0.6539596655189375
    }
  }
}