{
  "dataset_revision": "7d571f92784cd94a019292a1f45445077d0ef634",
  "mteb_dataset_name": "MassiveScenarioClassification",
  "mteb_version": "1.1.1.dev0",
  "test": {
    "evaluation_time": 68.73,
    "pl": {
      "accuracy": 0.700168123739072,
      "accuracy_stderr": 0.01735183600567955,
      "f1": 0.6973781126384635,
      "f1_stderr": 0.011896976130469463,
      "main_score": 0.700168123739072
    }
  },
  "validation": {
    "evaluation_time": 55.43,
    "pl": {
      "accuracy": 0.7025577963600591,
      "accuracy_stderr": 0.02185321275120188,
      "f1": 0.6980674385249522,
      "f1_stderr": 0.016427028807319447,
      "main_score": 0.7025577963600591
    }
  }
}