{
  "dataset_revision": null,
  "mteb_dataset_name": "PolEmo2.0-OUT",
  "mteb_version": "1.1.1.dev0",
  "test": {
    "accuracy": 0.3856275303643725,
    "accuracy_stderr": 0.05773490862681293,
    "evaluation_time": 195.95,
    "f1": 0.3327499365030043,
    "f1_stderr": 0.04245736209871192,
    "main_score": 0.3856275303643725
  }
}