{
  "dataset_revision": null,
  "mteb_dataset_name": "PolEmo2.0-IN",
  "mteb_version": "1.1.1.dev0",
  "test": {
    "accuracy": 0.6707756232686981,
    "accuracy_stderr": 0.03598470161067884,
    "evaluation_time": 251.61,
    "f1": 0.6651927606236673,
    "f1_stderr": 0.0326670738484192,
    "main_score": 0.6707756232686981
  }
}