{
  "dataset_revision": null,
  "mteb_dataset_name": "PPC",
  "mteb_version": "1.1.1.dev0",
  "test": {
    "cos_sim": {
      "accuracy": 0.883,
      "accuracy_threshold": 0.8584332466125488,
      "ap": 0.9329073067322579,
      "f1": 0.9075369075369075,
      "f1_threshold": 0.825851559638977,
      "precision": 0.8550512445095169,
      "recall": 0.9668874172185431
    },
    "dot": {
      "accuracy": 0.752,
      "accuracy_threshold": 128.82369995117188,
      "ap": 0.86640535018982,
      "f1": 0.8066465256797583,
      "f1_threshold": 110.18665313720703,
      "precision": 0.7416666666666667,
      "recall": 0.8841059602649006
    },
    "euclidean": {
      "accuracy": 0.887,
      "accuracy_threshold": 6.4312896728515625,
      "ap": 0.9327063012204004,
      "f1": 0.9093774625689519,
      "f1_threshold": 7.100665092468262,
      "precision": 0.8676691729323308,
      "recall": 0.9552980132450332
    },
    "evaluation_time": 30.77,
    "manhattan": {
      "accuracy": 0.888,
      "accuracy_threshold": 152.89788818359375,
      "ap": 0.9331080134023166,
      "f1": 0.9119496855345912,
      "f1_threshold": 156.10391235351562,
      "precision": 0.8682634730538922,
      "recall": 0.9602649006622517
    },
    "max": {
      "accuracy": 0.888,
      "ap": 0.9331080134023166,
      "f1": 0.9119496855345912
    }
  }
}