{
  "dataset_revision": null,
  "mteb_dataset_name": "PSC",
  "mteb_version": "1.1.1.dev0",
  "test": {
    "cos_sim": {
      "accuracy": 0.9703153988868275,
      "accuracy_threshold": 0.6410723924636841,
      "ap": 0.9910327047985201,
      "f1": 0.9525222551928784,
      "f1_threshold": 0.6144498586654663,
      "precision": 0.9277456647398844,
      "recall": 0.9786585365853658
    },
    "dot": {
      "accuracy": 0.9554730983302412,
      "accuracy_threshold": 48.173728942871094,
      "ap": 0.9606948765620352,
      "f1": 0.9286754002911208,
      "f1_threshold": 44.893150329589844,
      "precision": 0.8885793871866295,
      "recall": 0.9725609756097561
    },
    "euclidean": {
      "accuracy": 0.9517625231910947,
      "accuracy_threshold": 7.655665397644043,
      "ap": 0.9724073320491486,
      "f1": 0.9226190476190477,
      "f1_threshold": 7.677097797393799,
      "precision": 0.9011627906976745,
      "recall": 0.9451219512195121
    },
    "evaluation_time": 121.52,
    "manhattan": {
      "accuracy": 0.9499072356215214,
      "accuracy_threshold": 161.79623413085938,
      "ap": 0.9723500795454882,
      "f1": 0.9191616766467067,
      "f1_threshold": 164.94464111328125,
      "precision": 0.9029411764705882,
      "recall": 0.9359756097560976
    },
    "max": {
      "accuracy": 0.9703153988868275,
      "ap": 0.9910327047985201,
      "f1": 0.9525222551928784
    }
  }
}