{
  "dataset_revision": null,
  "mteb_dataset_name": "SICK-E-PL",
  "mteb_version": "1.1.1.dev0",
  "test": {
    "cos_sim": {
      "accuracy": 0.8414186710150836,
      "accuracy_threshold": 0.9119361639022827,
      "ap": 0.7963023934906186,
      "f1": 0.7201365187713311,
      "f1_threshold": 0.8689566850662231,
      "precision": 0.6913499344692006,
      "recall": 0.7514245014245015
    },
    "dot": {
      "accuracy": 0.795760293518141,
      "accuracy_threshold": 155.5910186767578,
      "ap": 0.6841926705773022,
      "f1": 0.6415425065731815,
      "f1_threshold": 131.79505920410156,
      "precision": 0.5438335809806835,
      "recall": 0.782051282051282
    },
    "euclidean": {
      "accuracy": 0.8383611903791276,
      "accuracy_threshold": 5.6178741455078125,
      "ap": 0.7875560712800018,
      "f1": 0.7141891891891893,
      "f1_threshold": 6.6637773513793945,
      "precision": 0.679305912596401,
      "recall": 0.7528490028490028
    },
    "evaluation_time": 70.54,
    "manhattan": {
      "accuracy": 0.8379535262943335,
      "accuracy_threshold": 115.29086303710938,
      "ap": 0.7886951592975753,
      "f1": 0.7144265527440025,
      "f1_threshold": 149.68344116210938,
      "precision": 0.6632092739475289,
      "recall": 0.7742165242165242
    },
    "max": {
      "accuracy": 0.8414186710150836,
      "ap": 0.7963023934906186,
      "f1": 0.7201365187713311
    }
  }
}