{
  "dataset_revision": "6d1ba47164174a496b7fa5d3569dae26a6813b80",
  "mteb_dataset_name": "STS22",
  "mteb_version": "1.1.1.dev0",
  "test": {
    "evaluation_time": 101.93,
    "pl": {
      "cos_sim": {
        "pearson": 0.396312225002525,
        "spearman": 0.40346668940521924
      },
      "euclidean": {
        "pearson": 0.3027778152050383,
        "spearman": 0.4024228369767347
      },
      "manhattan": {
        "pearson": 0.30317179990717374,
        "spearman": 0.4001470417293502
      }
    }
  }
}