{
  "dataset_revision": "20b0e6081892e78179356fada741b7afa381443d",
  "mteb_dataset_name": "AngryTweetsClassification",
  "mteb_version": "1.0.3.dev0",
  "test": {
    "accuracy": 0.5442215854823305,
    "accuracy_stderr": 0.01958697190236269,
    "evaluation_time": 81.59,
    "f1": 0.5342464349802925,
    "f1_stderr": 0.019105747094368127,
    "main_score": 0.5442215854823305
  }
}