{
  "dataset_revision": "3bc5cfb4ec514264fe2db5615fac9016f7251552",
  "mteb_dataset_name": "BornholmBitextMining",
  "mteb_version": "1.0.3.dev0",
  "test": {
    "accuracy": 0.19,
    "evaluation_time": 25.2,
    "f1": 0.15932621715352807,
    "main_score": 0.15932621715352807,
    "precision": 0.15114859033371691,
    "recall": 0.19
  }
}