{
  "dataset_revision": "edbb03726c04a0efab14fc8c3b8b79e4d420e5a1",
  "mteb_dataset_name": "DanishPoliticalCommentsClassification",
  "mteb_version": "1.0.3.dev0",
  "train": {
    "accuracy": 0.3776019983347211,
    "accuracy_stderr": 0.030948549280543483,
    "evaluation_time": 217.58,
    "f1": 0.3533438446538918,
    "f1_stderr": 0.021696195719710487,
    "main_score": 0.3776019983347211
  }
}