{
  "dataset_revision": "de7ba3406ee55ea2cc52a0a41408fa6aede6d3c6",
  "mteb_dataset_name": "LccSentimentClassification",
  "mteb_version": "1.0.3.dev0",
  "test": {
    "accuracy": 0.5806666666666667,
    "accuracy_stderr": 0.042941821107167766,
    "evaluation_time": 31.86,
    "f1": 0.5689971987949232,
    "f1_stderr": 0.03371032554439154,
    "main_score": 0.5806666666666667
  }
}