{
  "dataset_revision": "e254179d18ab0165fdb6dbef91178266222bee2a",
  "mteb_dataset_name": "NordicLangClassification",
  "mteb_version": "1.0.3.dev0",
  "test": {
    "accuracy": 0.7598333333333334,
    "accuracy_stderr": 0.013334374959313059,
    "evaluation_time": 1458.42,
    "f1": 0.7558976547136231,
    "f1_stderr": 0.013821655260721424,
    "main_score": 0.7598333333333334
  }
}