{
  "dataset_revision": "07b99ab3363c2e7f8f87015b01c21f4d9b917ce3",
  "mteb_dataset_name": "NoRecClassification",
  "mteb_version": "1.0.3.dev0",
  "test": {
    "accuracy": 0.504638671875,
    "accuracy_stderr": 0.02303761441662381,
    "evaluation_time": 85.02,
    "f1": 0.4843289551497828,
    "f1_stderr": 0.02645031091137531,
    "main_score": 0.504638671875
  }
}