{
  "dataset_revision": "f7393532774c66312378d30b197610b43d751972",
  "mteb_dataset_name": "NorwegianParliament",
  "mteb_version": "1.0.3.dev0",
  "test": {
    "accuracy": 0.5765833333333333,
    "accuracy_stderr": 0.02711971914800495,
    "ap": 0.5450433584591905,
    "ap_stderr": 0.018743637349274624,
    "evaluation_time": 634.23,
    "f1": 0.5727197115118734,
    "f1_stderr": 0.030120069211795164,
    "main_score": 0.5765833333333333
  },
  "validation": {
    "accuracy": 0.5814166666666667,
    "accuracy_stderr": 0.03078611248959865,
    "ap": 0.5487826699668072,
    "ap_stderr": 0.021980886216025005,
    "evaluation_time": 619.35,
    "f1": 0.5778756669771324,
    "f1_stderr": 0.032483916313229104,
    "main_score": 0.5814166666666667
  }
}