{
  "dataset_revision": "1de08520a7b361e92ffa2a2201ebd41942c54675",
  "mteb_dataset_name": "ScalaDaClassification",
  "mteb_version": "1.0.3.dev0",
  "test": {
    "accuracy": 0.6609375,
    "accuracy_stderr": 0.025283540713876947,
    "ap": 0.6082074644370966,
    "ap_stderr": 0.020631811137533373,
    "evaluation_time": 94.64,
    "f1": 0.6577331070475134,
    "f1_stderr": 0.026302978989849624,
    "main_score": 0.6609375
  }
}