{
  "dataset_revision": "3c62f26bafdc4c4e1c16401ad4b32f0a94b46612",
  "mteb_dataset_name": "SwerecClassification",
  "mteb_version": "1.0.3.dev0",
  "test": {
    "accuracy": 0.669580078125,
    "accuracy_stderr": 0.02740824042544494,
    "evaluation_time": 969.06,
    "f1": 0.6045095443781163,
    "f1_stderr": 0.025235723807146324,
    "main_score": 0.669580078125
  }
}