{
  "dataset_revision": null,
  "mteb_dataset_name": "CDSC-R",
  "mteb_version": "1.1.1.dev0",
  "test": {
    "cos_sim": {
      "pearson": 0.8712515320644952,
      "spearman": 0.8766754567611346
    },
    "euclidean": {
      "pearson": 0.8500055676884141,
      "spearman": 0.873725155461597
    },
    "evaluation_time": 32.86,
    "manhattan": {
      "pearson": 0.846906589418194,
      "spearman": 0.8696851339765682
    }
  }
}