{
  "dataset_revision": null,
  "mteb_dataset_name": "Quora-PL",
  "mteb_version": "1.0.3.dev0",
  "test": {
    "evaluation_time": 207.16,
    "map_at_1": 0.54718,
    "map_at_10": 0.66961,
    "map_at_100": 0.67866,
    "map_at_1000": 0.67912,
    "map_at_3": 0.63884,
    "map_at_5": 0.65701,
    "mrr_at_1": 0.6308,
    "mrr_at_10": 0.71009,
    "mrr_at_100": 0.71396,
    "mrr_at_1000": 0.71411,
    "mrr_at_3": 0.6919,
    "mrr_at_5": 0.70282,
    "ndcg_at_1": 0.6301,
    "ndcg_at_10": 0.71935,
    "ndcg_at_100": 0.74807,
    "ndcg_at_1000": 0.755,
    "ndcg_at_3": 0.67705,
    "ndcg_at_5": 0.69809,
    "precision_at_1": 0.6301,
    "precision_at_10": 0.11163,
    "precision_at_100": 0.01399,
    "precision_at_1000": 0.00151,
    "precision_at_3": 0.29617,
    "precision_at_5": 0.19814,
    "recall_at_1": 0.54718,
    "recall_at_10": 0.82203,
    "recall_at_100": 0.93648,
    "recall_at_1000": 0.98125,
    "recall_at_3": 0.70351,
    "recall_at_5": 0.75993
  },
  "validation": {
    "evaluation_time": 161.13,
    "map_at_1": 0.54782,
    "map_at_10": 0.67188,
    "map_at_100": 0.68099,
    "map_at_1000": 0.6814,
    "map_at_3": 0.6424,
    "map_at_5": 0.66002,
    "mrr_at_1": 0.6312,
    "mrr_at_10": 0.71235,
    "mrr_at_100": 0.71699,
    "mrr_at_1000": 0.71714,
    "mrr_at_3": 0.6965,
    "mrr_at_5": 0.70638,
    "ndcg_at_1": 0.6314,
    "ndcg_at_10": 0.72011,
    "ndcg_at_100": 0.7508,
    "ndcg_at_1000": 0.75759,
    "ndcg_at_3": 0.68235,
    "ndcg_at_5": 0.70153,
    "precision_at_1": 0.6314,
    "precision_at_10": 0.11094,
    "precision_at_100": 0.0137,
    "precision_at_1000": 0.00148,
    "precision_at_3": 0.29907,
    "precision_at_5": 0.1994,
    "recall_at_1": 0.54782,
    "recall_at_10": 0.81918,
    "recall_at_100": 0.94108,
    "recall_at_1000": 0.98545,
    "recall_at_3": 0.71277,
    "recall_at_5": 0.76534
  }
}