{
  "dataset_revision": null,
  "mteb_dataset_name": "SICK-E-PL",
  "mteb_version": "1.1.1.dev0",
  "test": {
    "cos_sim": {
      "accuracy": 0.7814920505503465,
      "accuracy_threshold": 0.8869868516921997,
      "ap": 0.6204699795928205,
      "f1": 0.6023794614902943,
      "f1_threshold": 0.8214852809906006,
      "precision": 0.5374301675977654,
      "recall": 0.6851851851851852
    },
    "dot": {
      "accuracy": 0.7331838565022422,
      "accuracy_threshold": 0.5981869697570801,
      "ap": 0.48455668214297226,
      "f1": 0.5251152632856102,
      "f1_threshold": 0.3720809817314148,
      "precision": 0.39823334560176665,
      "recall": 0.7706552706552706
    },
    "euclidean": {
      "accuracy": 0.7823073787199347,
      "accuracy_threshold": 0.3456653952598572,
      "ap": 0.6241283093867228,
      "f1": 0.6071108455333134,
      "f1_threshold": 0.4712331295013428,
      "precision": 0.5229027277406073,
      "recall": 0.7236467236467237
    },
    "evaluation_time": 51.46,
    "manhattan": {
      "accuracy": 0.7651854871585814,
      "accuracy_threshold": 4.969188213348389,
      "ap": 0.5939868588750531,
      "f1": 0.5805180180180181,
      "f1_threshold": 8.423826217651367,
      "precision": 0.47998137802607077,
      "recall": 0.7343304843304843
    },
    "max": {
      "accuracy": 0.7823073787199347,
      "ap": 0.6241283093867228,
      "f1": 0.6071108455333134
    }
  }
}