{
  "dataset_revision": null,
  "mteb_dataset_name": "SICK-R-PL",
  "mteb_version": "1.1.1.dev0",
  "test": {
    "cos_sim": {
      "pearson": 0.7154139728105081,
      "spearman": 0.6552722587541182
    },
    "euclidean": {
      "pearson": 0.6889634252165427,
      "spearman": 0.6568190551933639
    },
    "evaluation_time": 94.01,
    "manhattan": {
      "pearson": 0.6742229707933179,
      "spearman": 0.6363215804334901
    }
  }
}