{
  "dataset_revision": null,
  "mteb_dataset_name": "PPC",
  "mteb_version": "1.1.1.dev0",
  "test": {
    "cos_sim": {
      "accuracy": 0.89,
      "accuracy_threshold": 0.8441163301467896,
      "ap": 0.9348872395745331,
      "f1": 0.9135220125786163,
      "f1_threshold": 0.8441163301467896,
      "precision": 0.8697604790419161,
      "recall": 0.9619205298013245
    },
    "dot": {
      "accuracy": 0.805,
      "accuracy_threshold": 5.507349967956543,
      "ap": 0.8897169442928711,
      "f1": 0.8491704374057316,
      "f1_threshold": 5.164313793182373,
      "precision": 0.7797783933518005,
      "recall": 0.9321192052980133
    },
    "euclidean": {
      "accuracy": 0.895,
      "accuracy_threshold": 1.3751158714294434,
      "ap": 0.9363837631354551,
      "f1": 0.9169278996865203,
      "f1_threshold": 1.5177757740020752,
      "precision": 0.8705357142857143,
      "recall": 0.9685430463576159
    },
    "evaluation_time": 29.88,
    "manhattan": {
      "accuracy": 0.896,
      "accuracy_threshold": 29.677942276000977,
      "ap": 0.9366993275425175,
      "f1": 0.9174454828660437,
      "f1_threshold": 33.417362213134766,
      "precision": 0.8661764705882353,
      "recall": 0.9751655629139073
    },
    "max": {
      "accuracy": 0.896,
      "ap": 0.9366993275425175,
      "f1": 0.9174454828660437
    }
  }
}